58,enable_pipelined_write
13,cache_index_and_filter_blocks
142,prefix_size
175,show_table_properties
100,max_total_wal_size
169,reverse_iterator
214,use_fsync
61,enable_write_thread_adaptive_yield
16,cache_numshardbits
193,universal_allow_trivial_move
172,row_cache_size
202,use_block_based_filter
217,use_hash_search
55,enable_io_prio
79,index_block_restart_interval
139,pin_l0_filter_and_index_blocks_in_cache
73,hash_bucket_count
157,read_cache_direct_write
34,compression_level
241,writable_file_max_buffer_size
121,min_write_buffer_number_to_merge
118,min_level_to_compress
49,delayed_write_rate
4,block_size
127,mmap_write
160,read_cache_path
229,use_uint64_comparator
232,verify_checksum
148,rate_limit_delay_max_milliseconds
64,expand_range_tombstones
223,use_single_deletes
208,use_direct_io_for_flush_and_compaction
178,skip_list_lookahead
181,soft_pending_compaction_bytes_limit
85,level_compaction_dynamic_level_bytes
196,use_adaptive_mutex
163,read_cache_size
151,read_amp_bytes_per_bit
1,block_restart_interval
136,optimize_filters_for_hits
130,new_table_reader_for_compaction_inputs
10,cache_high_pri_pool_ratio
94,max_num_range_tombstones
88,max_bytes_for_level_multiplier
133,open_files
226,use_tailing_iterator
205,use_cuckoo_table
187,target_file_size_base
67,finish_after_writes
184,table_cache_numshardbits
220,use_plain_table
52,disable_wal
19,cache_size
145,range_tombstone_width
7,bytes_per_sync
76,identity_as_first_hash
109,memtable_use_huge_page
25,compaction_pri
154,read_cache_direct_read
37,compression_max_dict_bytes
190,target_file_size_multiplier
115,merge_keys
70,hard_pending_compaction_bytes_limit
97,max_successive_merges
103,memtable_bloom_size_ratio
91,max_compaction_bytes
238,wal_dir
124,mmap_read
211,use_direct_reads
82,level0_slowdown_writes_trigger
46,cuckoo_hash_ratio
106,memtable_insert_with_hint_prefix_size
199,use_blob_db
43,compression_type
31,compaction_style
