225,use_tailing_iterator
135,optimize_filters_for_hits
75,identity_as_first_hash
87,max_bytes_for_level_multiplier
183,table_cache_numshardbits
18,cache_size
126,mmap_write
66,finish_after_writes
3,block_size
240,writable_file_max_buffer_size
186,target_file_size_base
156,read_cache_direct_write
9,cache_high_pri_pool_ratio
192,universal_allow_trivial_move
162,read_cache_size
72,hash_bucket_count
213,use_fsync
69,hard_pending_compaction_bytes_limit
177,skip_list_lookahead
216,use_hash_search
147,rate_limit_delay_max_milliseconds
108,memtable_use_huge_page
24,compaction_pri
189,target_file_size_multiplier
102,memtable_bloom_size_ratio
174,show_table_properties
54,enable_io_prio
219,use_plain_table
138,pin_l0_filter_and_index_blocks_in_cache
99,max_total_wal_size
153,read_cache_direct_read
45,cuckoo_hash_ratio
63,expand_range_tombstones
168,reverse_iterator
132,open_files
96,max_successive_merges
144,range_tombstone_width
0,block_restart_interval
228,use_uint64_comparator
117,min_level_to_compress
222,use_single_deletes
195,use_adaptive_mutex
159,read_cache_path
15,cache_numshardbits
150,read_amp_bytes_per_bit
60,enable_write_thread_adaptive_yield
36,compression_max_dict_bytes
141,prefix_size
114,merge_keys
201,use_block_based_filter
90,max_compaction_bytes
123,mmap_read
6,bytes_per_sync
48,delayed_write_rate
120,min_write_buffer_number_to_merge
12,cache_index_and_filter_blocks
78,index_block_restart_interval
231,verify_checksum
129,new_table_reader_for_compaction_inputs
180,soft_pending_compaction_bytes_limit
33,compression_level
57,enable_pipelined_write
84,level_compaction_dynamic_level_bytes
204,use_cuckoo_table
237,wal_dir
198,use_blob_db
210,use_direct_reads
81,level0_slowdown_writes_trigger
51,disable_wal
93,max_num_range_tombstones
105,memtable_insert_with_hint_prefix_size
171,row_cache_size
42,compression_type
207,use_direct_io_for_flush_and_compaction
30,compaction_style
