176,show_table_properties
20,cache_size
137,optimize_filters_for_hits
227,use_tailing_iterator
47,cuckoo_hash_ratio
197,use_adaptive_mutex
68,finish_after_writes
110,memtable_use_huge_page
185,table_cache_numshardbits
209,use_direct_io_for_flush_and_compaction
14,cache_index_and_filter_blocks
233,verify_checksum
158,read_cache_direct_write
59,enable_pipelined_write
89,max_bytes_for_level_multiplier
179,skip_list_lookahead
146,range_tombstone_width
26,compaction_pri
95,max_num_range_tombstones
104,memtable_bloom_size_ratio
182,soft_pending_compaction_bytes_limit
62,enable_write_thread_adaptive_yield
44,compression_type
122,min_write_buffer_number_to_merge
131,new_table_reader_for_compaction_inputs
170,reverse_iterator
5,block_size
71,hard_pending_compaction_bytes_limit
2,block_restart_interval
212,use_direct_reads
101,max_total_wal_size
149,rate_limit_delay_max_milliseconds
11,cache_high_pri_pool_ratio
203,use_block_based_filter
116,merge_keys
125,mmap_read
152,read_amp_bytes_per_bit
98,max_successive_merges
221,use_plain_table
242,writable_file_max_buffer_size
119,min_level_to_compress
188,target_file_size_base
35,compression_level
239,wal_dir
86,level_compaction_dynamic_level_bytes
173,row_cache_size
17,cache_numshardbits
194,universal_allow_trivial_move
74,hash_bucket_count
134,open_files
140,pin_l0_filter_and_index_blocks_in_cache
143,prefix_size
65,expand_range_tombstones
92,max_compaction_bytes
38,compression_max_dict_bytes
56,enable_io_prio
80,index_block_restart_interval
128,mmap_write
50,delayed_write_rate
8,bytes_per_sync
230,use_uint64_comparator
191,target_file_size_multiplier
155,read_cache_direct_read
32,compaction_style
164,read_cache_size
215,use_fsync
77,identity_as_first_hash
107,memtable_insert_with_hint_prefix_size
161,read_cache_path
218,use_hash_search
206,use_cuckoo_table
224,use_single_deletes
83,level0_slowdown_writes_trigger
200,use_blob_db
53,disable_wal
